id;firstname;lastname;mail;phone;address
1;"Gmtrd";"Zvhh";".zMxQ9@aC.LXcK";023.988.7406 x882;Springs Checking Account
2;"Ujhxt";"Ddd";"Niknx@WEGg.Pz";174-062-9524;Hryvnia Response orange
3;"Lihuo";"Yyxe";"hFL-5@1q7tO.hsof";260-901-3312;client-driven
4;"Ng";"Cl";"gYR-.c@NhO8.iiFd";(076) 499-4438;Checking Account
5;"Lqxk";"Zojf";"8@lYzQBx.iF";610.787.7197 x6676;Soft leading-edge
6;"Qiccs";"Odnpkr";"NOD-lI@ssUk.ax";287-177-4454 x382;Locks
7;"Flp";"Ajhkcn";"D@xpa4.xG";419-858-8657;Regional Books
8;"Svzd";"Whvanhb";"5Mn@vKz.VjPh";697-974-2338 x14905;hack
9;"Rbeo";"Cxi";"E@JBCLkX.FvDT";1-401-461-1124;functionalities hub Auto Loan Account
10;"Otgvcwx";"Qnvniyo";"nIlMyJ@h.udMhg";1-503-617-5516;bypass Liberian Dollar
