id;firstname;lastname;mail;phone;reviews
1;"Pstlz";"Surafqv";"TbxWf@qC2.ZsWRv";073.517.6913 x64034;2
2;"Aayido";"Rwybbn";"YMUw-@E.dvH";1-102-809-1648 x710;1
3;"Gjpl";"Ik";"ggjGt@9IH4wX.Nhf";1-246-575-3259 x01045;5
4;"Xnh";"Ierue";"q@XNSjB.yHF";(386) 489-3338;1
5;"Phsfze";"Qxkp";"7yA@bLX.opFu";343-881-1881 x8740;2
6;"Xekseul";"Vmgi";"T@1.Bd";(104) 382-2678 x1920;4
7;"Uzcvd";"Dum";"eQ6@w.SRvkF";(203) 711-8311;2
8;"Sl";"Kmei";"sM@oxwXi.uHkxb";(181) 556-9483;5
9;"Elsfij";"Fbrhjl";"kt_@.ST.ORkxJ";114-890-2949;4
10;"Wv";"Oog";"3C5@2.iI";1-624-958-1846 x4877;3
